"Term","Overlap","P.value","Adjusted.P.value","Old.P.value","Old.Adjusted.P.value","Odds.Ratio","Combined.Score","Genes"
"aorta development (GO:0035904)","2/14",2.04094503025842e-05,0.00187104797396192,0,0,416.208333333333,4494.8471043704,"PDGFRB;TBX2"
"aorta morphogenesis (GO:0035909)","2/17",3.0477759493074e-05,0.00187104797396192,0,0,332.916666666667,3461.83839854037,"PDGFRB;TBX2"
"mesenchyme morphogenesis (GO:0072132)","2/17",3.0477759493074e-05,0.00187104797396192,0,0,332.916666666667,3461.83839854037,"HEYL;TBX2"
"endocardial cushion morphogenesis (GO:0003203)","2/19",3.83009471011999e-05,0.00187104797396192,0,0,293.720588235294,2987.14893678889,"HEYL;TBX2"
"endocardial cushion development (GO:0003197)","2/21",4.70112556271839e-05,0.00187104797396192,0,0,262.776315789474,2618.59844063574,"HEYL;TBX2"
"artery morphogenesis (GO:0048844)","2/30",9.7147588503534e-05,0.00322206168536721,0,0,178.232142857143,1646.73653113622,"PDGFRB;TBX2"
"heart morphogenesis (GO:0003007)","2/53",0.000305866089765325,0.00869533598047137,0,0,97.7401960784314,790.949162674527,"HEYL;TBX2"
"cardiac muscle cell myoblast differentiation (GO:0060379)","1/5",0.00249770786419674,0.0356828893715225,0,0,555.166666666667,3326.77064151216,"TBX2"
"retina vasculature development in camera-type eye (GO:0061298)","1/5",0.00249770786419674,0.0356828893715225,0,0,555.166666666667,3326.77064151216,"PDGFRB"
"negative regulation of morphogenesis of an epithelium (GO:1905331)","1/6",0.00299657817287215,0.0356828893715225,0,0,444.111111111111,2580.41179429264,"TBX2"
"embryonic camera-type eye development (GO:0031076)","1/6",0.00299657817287215,0.0356828893715225,0,0,444.111111111111,2580.41179429264,"TBX2"
"embryonic camera-type eye morphogenesis (GO:0048596)","1/6",0.00299657817287215,0.0356828893715225,0,0,444.111111111111,2580.41179429264,"TBX2"
"smooth muscle cell migration (GO:0014909)","1/7",0.003495224297089,0.0356828893715225,0,0,370.074074074074,2093.27134911451,"PDGFRB"
"regulation of systemic arterial blood pressure by renin-angiotensin (GO:0003081)","1/7",0.003495224297089,0.0356828893715225,0,0,370.074074074074,2093.27134911451,"ENPEP"
"gap junction assembly (GO:0016264)","1/7",0.003495224297089,0.0356828893715225,0,0,370.074074074074,2093.27134911451,"GJC1"
"regulation of transcription from RNA polymerase II promoter involved in myocardial precursor cell differentiation (GO:0003256)","1/7",0.003495224297089,0.0356828893715225,0,0,370.074074074074,2093.27134911451,"TBX2"
"AV node cell to bundle of His cell communication (GO:0086067)","1/7",0.003495224297089,0.0356828893715225,0,0,370.074074074074,2093.27134911451,"GJC1"
"atrial cardiac muscle cell to AV node cell signaling (GO:0086026)","1/8",0.00399364626134036,0.0356828893715225,0,0,317.190476190476,1751.8590547314,"GJC1"
"cell migration involved in heart development (GO:0060973)","1/8",0.00399364626134036,0.0356828893715225,0,0,317.190476190476,1751.8590547314,"PDGFRB"
"epithelial to mesenchymal transition involved in endocardial cushion formation (GO:0003198)","1/9",0.00449184410751083,0.0356828893715225,0,0,277.527777777778,1500.17416789664,"HEYL"
"muscle cell fate commitment (GO:0042693)","1/9",0.00449184410751083,0.0356828893715225,0,0,277.527777777778,1500.17416789664,"TBX2"
"Notch signaling involved in heart development (GO:0061314)","1/11",0.00548756766902295,0.0356828893715225,0,0,222,1155.5699775562,"HEYL"
"camera-type eye morphogenesis (GO:0048593)","1/11",0.00548756766902295,0.0356828893715225,0,0,222,1155.5699775562,"TBX2"
"embryonic eye morphogenesis (GO:0048048)","1/11",0.00548756766902295,0.0356828893715225,0,0,222,1155.5699775562,"TBX2"
"angiotensin maturation (GO:0002003)","1/12",0.00598509351248777,0.0356828893715225,0,0,201.808080808081,1032.95129457314,"ENPEP"
"regulation of angiotensin levels in blood (GO:0002002)","1/12",0.00598509351248777,0.0356828893715225,0,0,201.808080808081,1032.95129457314,"ENPEP"
"dermatan sulfate biosynthetic process (GO:0030208)","1/12",0.00598509351248777,0.0356828893715225,0,0,201.808080808081,1032.95129457314,"CSPG4"
"positive regulation of calcium ion import (GO:0090280)","1/13",0.00648239549203707,0.0356828893715225,0,0,184.981481481481,932.059746399125,"PDGFRB"
"chondroitin sulfate catabolic process (GO:0030207)","1/13",0.00648239549203707,0.0356828893715225,0,0,184.981481481481,932.059746399125,"CSPG4"
"atrial cardiac muscle cell action potential (GO:0086014)","1/13",0.00648239549203707,0.0356828893715225,0,0,184.981481481481,932.059746399125,"GJC1"
"dermatan sulfate metabolic process (GO:0030205)","1/13",0.00648239549203707,0.0356828893715225,0,0,184.981481481481,932.059746399125,"CSPG4"
"positive regulation of cardiac muscle cell proliferation (GO:0060045)","1/14",0.00697947368021334,0.0356828893715225,0,0,170.74358974359,847.704661538015,"TBX2"
"atrioventricular valve development (GO:0003171)","1/14",0.00697947368021334,0.0356828893715225,0,0,170.74358974359,847.704661538015,"HEYL"
"negative regulation of androgen receptor signaling pathway (GO:0060766)","1/15",0.00747632815644859,0.0356828893715225,0,0,158.539682539683,776.212425317664,"HEYL"
"dermatan sulfate proteoglycan biosynthetic process (GO:0050651)","1/15",0.00747632815644859,0.0356828893715225,0,0,158.539682539683,776.212425317664,"CSPG4"
"cardiac myofibril assembly (GO:0055003)","1/15",0.00747632815644859,0.0356828893715225,0,0,158.539682539683,776.212425317664,"PDGFRB"
"regulation of phospholipase C activity (GO:1900274)","1/15",0.00747632815644859,0.0356828893715225,0,0,158.539682539683,776.212425317664,"PDGFRB"
"regulation of systemic arterial blood pressure by hormone (GO:0001990)","1/16",0.00797295899684864,0.0356828893715225,0,0,147.962962962963,714.912587220804,"ENPEP"
"platelet-derived growth factor receptor signaling pathway (GO:0048008)","1/16",0.00797295899684864,0.0356828893715225,0,0,147.962962962963,714.912587220804,"PDGFRB"
"pulmonary valve morphogenesis (GO:0003184)","1/17",0.00846936628057759,0.0356828893715225,0,0,138.708333333333,661.819014297417,"HEYL"
"positive regulation of cardiac muscle tissue growth (GO:0055023)","1/17",0.00846936628057759,0.0356828893715225,0,0,138.708333333333,661.819014297417,"TBX2"
"positive regulation of smooth muscle cell migration (GO:0014911)","1/17",0.00846936628057759,0.0356828893715225,0,0,138.708333333333,661.819014297417,"PDGFRB"
"positive regulation of transcription of Notch receptor target (GO:0007221)","1/17",0.00846936628057759,0.0356828893715225,0,0,138.708333333333,661.819014297417,"HEYL"
"vasculature development (GO:0001944)","1/17",0.00846936628057759,0.0356828893715225,0,0,138.708333333333,661.819014297417,"PDGFRB"
"cell communication by electrical coupling involved in cardiac conduction (GO:0086064)","1/17",0.00846936628057759,0.0356828893715225,0,0,138.708333333333,661.819014297417,"GJC1"
"cell surface receptor signaling pathway involved in heart development (GO:0061311)","1/17",0.00846936628057759,0.0356828893715225,0,0,138.708333333333,661.819014297417,"HEYL"
"pulmonary valve development (GO:0003177)","1/18",0.00896555009334736,0.0356828893715225,0,0,130.542483660131,615.425022203049,"HEYL"
"positive regulation of phosphoprotein phosphatase activity (GO:0032516)","1/18",0.00896555009334736,0.0356828893715225,0,0,130.542483660131,615.425022203049,"PDGFRB"
"embryonic digit morphogenesis (GO:0042733)","1/18",0.00896555009334736,0.0356828893715225,0,0,130.542483660131,615.425022203049,"TBX2"
"embryonic heart tube development (GO:0035050)","1/18",0.00896555009334736,0.0356828893715225,0,0,130.542483660131,615.425022203049,"TBX2"
"atrioventricular valve morphogenesis (GO:0003181)","1/19",0.00946151051239574,0.0358637851872701,0,0,123.283950617284,574.567716360615,"HEYL"
"mesenchymal cell development (GO:0014031)","1/19",0.00946151051239574,0.0358637851872701,0,0,123.283950617284,574.567716360615,"HEYL"
"regulation of smooth muscle cell migration (GO:0014910)","1/20",0.0099572476243862,0.0358637851872701,0,0,116.789473684211,538.335775363175,"PDGFRB"
"cardiac epithelial to mesenchymal transition (GO:0060317)","1/20",0.0099572476243862,0.0358637851872701,0,0,116.789473684211,538.335775363175,"HEYL"
"cardiac ventricle development (GO:0003231)","1/20",0.0099572476243862,0.0358637851872701,0,0,116.789473684211,538.335775363175,"HEYL"
"positive regulation of phosphatase activity (GO:0010922)","1/21",0.0104527615118677,0.0358637851872701,0,0,110.944444444444,506.005304706543,"PDGFRB"
"chondroitin sulfate biosynthetic process (GO:0030206)","1/21",0.0104527615118677,0.0358637851872701,0,0,110.944444444444,506.005304706543,"CSPG4"
"regulation of cardiac muscle cell proliferation (GO:0060043)","1/21",0.0104527615118677,0.0358637851872701,0,0,110.944444444444,506.005304706543,"TBX2"
"positive regulation of phospholipase activity (GO:0010518)","1/24",0.0119379646683198,0.0392711859460695,0,0,96.4589371980676,427.12322672632,"PDGFRB"
"cardiac muscle cell development (GO:0055013)","1/24",0.0119379646683198,0.0392711859460695,0,0,96.4589371980676,427.12322672632,"PDGFRB"
"regulation of calcium ion import (GO:0090279)","1/25",0.0124325865055396,0.0392711859460695,0,0,92.4351851851852,405.553302875665,"PDGFRB"
"outflow tract septum morphogenesis (GO:0003148)","1/25",0.0124325865055396,0.0392711859460695,0,0,92.4351851851852,405.553302875665,"TBX2"
"peptide catabolic process (GO:0043171)","1/25",0.0124325865055396,0.0392711859460695,0,0,92.4351851851852,405.553302875665,"ENPEP"
"positive regulation of nuclear division (GO:0051785)","1/27",0.0134211618656948,0.0404668365344435,0,0,85.3162393162393,367.791701998077,"PDGFRB"
"cellular senescence (GO:0090398)","1/27",0.0134211618656948,0.0404668365344435,0,0,85.3162393162393,367.791701998077,"TBX2"
"chondroitin sulfate proteoglycan biosynthetic process (GO:0050650)","1/27",0.0134211618656948,0.0404668365344435,0,0,85.3162393162393,367.791701998077,"CSPG4"
"positive regulation of phosphatidylinositol 3-kinase activity (GO:0043552)","1/28",0.0139151155631478,0.0407221764274474,0,0,82.1522633744856,351.182817850539,"PDGFRB"
"ventricular septum morphogenesis (GO:0060412)","1/28",0.0139151155631478,0.0407221764274474,0,0,82.1522633744856,351.182817850539,"HEYL"
"regulation of DNA biosynthetic process (GO:2000278)","1/29",0.0144088467211374,0.0415559492392225,0,0,79.2142857142857,335.861672292423,"PDGFRB"
"chondroitin sulfate metabolic process (GO:0030204)","1/30",0.0149023554252654,0.0416033218287986,0,0,76.4789272030651,321.688416559315,"CSPG4"
"positive regulation of lipid kinase activity (GO:0090218)","1/30",0.0149023554252654,0.0416033218287986,0,0,76.4789272030651,321.688416559315,"PDGFRB"
"cardiac muscle cell action potential involved in contraction (GO:0086002)","1/31",0.0153956417644848,0.0416033218287986,0,0,73.9259259259259,308.542479281304,"GJC1"
"positive regulation of locomotion (GO:0040017)","1/31",0.0153956417644848,0.0416033218287986,0,0,73.9259259259259,308.542479281304,"PDGFRB"
"aortic valve morphogenesis (GO:0003180)","1/32",0.0158887058240638,0.0416033218287986,0,0,71.5376344086021,296.31937970283,"HEYL"
"negative regulation of intracellular steroid hormone receptor signaling pathway (GO:0033144)","1/32",0.0158887058240638,0.0416033218287986,0,0,71.5376344086021,296.31937970283,"HEYL"
"regulation of chemotaxis (GO:0050920)","1/32",0.0158887058240638,0.0416033218287986,0,0,71.5376344086021,296.31937970283,"PDGFRB"
"vasculogenesis (GO:0001570)","1/33",0.0163815476907073,0.0418104642514656,0,0,69.2986111111111,284.928149930553,"PDGFRB"
"positive regulation of protein dephosphorylation (GO:0035307)","1/34",0.0168741674533514,0.0418104642514656,0,0,67.1952861952862,274.289235089044,"PDGFRB"
"striated muscle tissue development (GO:0014706)","1/34",0.0168741674533514,0.0418104642514656,0,0,67.1952861952862,274.289235089044,"TBX2"
"regulation of blood circulation (GO:1903522)","1/35",0.0173665651965465,0.0418104642514656,0,0,65.2156862745098,264.332771444539,"TBX2"
"regulation of phosphatidylinositol 3-kinase activity (GO:0043551)","1/35",0.0173665651965465,0.0418104642514656,0,0,65.2156862745098,264.332771444539,"PDGFRB"
"aortic valve development (GO:0003176)","1/36",0.0178587410119325,0.0418104642514656,0,0,63.3492063492063,254.997165595292,"HEYL"
"regulation of androgen receptor signaling pathway (GO:0060765)","1/36",0.0178587410119325,0.0418104642514656,0,0,63.3492063492063,254.997165595292,"HEYL"
"embryonic limb morphogenesis (GO:0030326)","1/36",0.0178587410119325,0.0418104642514656,0,0,63.3492063492063,254.997165595292,"TBX2"
"positive regulation of mitotic nuclear division (GO:0045840)","1/36",0.0178587410119325,0.0418104642514656,0,0,63.3492063492063,254.997165595292,"PDGFRB"
"positive regulation of calcium ion transport (GO:0051928)","1/37",0.0183506949831896,0.042462654670404,0,0,61.5864197530864,246.227915397722,"PDGFRB"
"ventricular septum development (GO:0003281)","1/38",0.0188424272009397,0.0426095796930341,0,0,59.9189189189189,237.976625944372,"HEYL"
"regulation of phosphoprotein phosphatase activity (GO:0043666)","1/38",0.0188424272009397,0.0426095796930341,0,0,59.9189189189189,237.976625944372,"PDGFRB"
"sulfur compound catabolic process (GO:0044273)","1/40",0.019825226718581,0.0438320136567658,0,0,56.8404558404558,222.860063552568,"CSPG4"
"positive regulation of intrinsic apoptotic signaling pathway (GO:2001244)","1/40",0.019825226718581,0.0438320136567658,0,0,56.8404558404558,222.860063552568,"SEPTIN4"
"regulation of cell development (GO:0060284)","1/41",0.0203162941970357,0.0438320136567658,0,0,55.4166666666667,215.921734165782,"HEYL"
"regulation of nervous system development (GO:0051960)","1/42",0.0208071402680989,0.0438320136567658,0,0,54.0623306233062,209.35416251688,"HEYL"
"positive regulation of neuron differentiation (GO:0045666)","1/43",0.0212977650246516,0.0438320136567658,0,0,52.7724867724868,203.129383176071,"HEYL"
"positive regulation of phospholipase C activity (GO:0010863)","1/43",0.0212977650246516,0.0438320136567658,0,0,52.7724867724868,203.129383176071,"PDGFRB"
"heart looping (GO:0001947)","1/43",0.0212977650246516,0.0438320136567658,0,0,52.7724867724868,203.129383176071,"TBX2"
"myofibril assembly (GO:0030239)","1/43",0.0212977650246516,0.0438320136567658,0,0,52.7724867724868,203.129383176071,"PDGFRB"
"negative regulation of nucleic acid-templated transcription (GO:1903507)","2/464",0.0213653533904839,0.0438320136567658,0,0,10.5670995670996,40.6409029350514,"HEYL;TBX2"
"cardiac ventricle morphogenesis (GO:0003208)","1/44",0.0217881685512208,0.0442433218540095,0,0,51.5426356589147,197.222132033002,"HEYL"
"positive regulation of cell population proliferation (GO:0008284)","2/474",0.0222377394916766,0.0443339183655736,0,0,10.3379237288136,39.345770264083,"PDGFRB;TBX2"
"positive regulation of chemotaxis (GO:0050921)","1/45",0.0222783509374742,0.0443339183655736,0,0,50.3686868686869,191.609530522956,"PDGFRB"
"positive regulation of smooth muscle cell proliferation (GO:0048661)","1/46",0.0227683122669265,0.0445033891768543,0,0,49.2469135802469,186.270812956763,"PDGFRB"
"epithelial to mesenchymal transition (GO:0001837)","1/47",0.0232580526351399,0.0445033891768543,0,0,48.1739130434783,181.187090155358,"HEYL"
"determination of heart left/right asymmetry (GO:0061371)","1/47",0.0232580526351399,0.0445033891768543,0,0,48.1739130434783,181.187090155358,"TBX2"
"embryonic heart tube morphogenesis (GO:0003143)","1/47",0.0232580526351399,0.0445033891768543,0,0,48.1739130434783,181.187090155358,"TBX2"
"regulation of smooth muscle cell proliferation (GO:0048660)","1/49",0.0242368708211977,0.0455012952209278,0,0,46.162037037037,171.717248380445,"PDGFRB"
"positive regulation of reactive oxygen species metabolic process (GO:2000379)","1/49",0.0242368708211977,0.0455012952209278,0,0,46.162037037037,171.717248380445,"PDGFRB"
"mesenchymal cell differentiation (GO:0048762)","1/51",0.0252148061968427,0.0464606151219602,0,0,44.3111111111111,163.079241679152,"HEYL"
"inositol lipid-mediated signaling (GO:0048017)","1/51",0.0252148061968427,0.0464606151219602,0,0,44.3111111111111,163.079241679152,"PDGFRB"
"regulation of intrinsic apoptotic signaling pathway (GO:2001242)","1/52",0.0257034430516593,0.0464998651570927,0,0,43.4400871459695,159.039820378248,"SEPTIN4"
"regulation of exocytosis (GO:0017157)","1/52",0.0257034430516593,0.0464998651570927,0,0,43.4400871459695,159.039820378248,"SEPTIN4"
"cardiac muscle tissue development (GO:0048738)","1/53",0.0261918594705428,0.0469565768886308,0,0,42.6025641025641,155.171601418471,"TBX2"
"glycosaminoglycan catabolic process (GO:0006027)","1/56",0.0276557869621033,0.0486926806769549,0,0,40.2727272727273,144.495334893691,"CSPG4"
"peptidyl-tyrosine modification (GO:0018212)","1/56",0.0276557869621033,0.0486926806769549,0,0,40.2727272727273,144.495334893691,"PDGFRB"
"regulation of reactive oxygen species metabolic process (GO:2000377)","1/57",0.0281433225032358,0.0486926806769549,0,0,39.5515873015873,141.216773601099,"PDGFRB"
"regulation of mitotic nuclear division (GO:0007088)","1/57",0.0281433225032358,0.0486926806769549,0,0,39.5515873015873,141.216773601099,"PDGFRB"
"positive regulation of intracellular signal transduction (GO:1902533)","2/546",0.0289526294332274,0.0486926806769549,0,0,8.93658088235294,31.6542117792985,"PDGFRB;SEPTIN4"
"negative regulation of cellular macromolecule biosynthetic process (GO:2000113)","2/547",0.029051116284361,0.0486926806769549,0,0,8.9197247706422,31.5642155077065,"HEYL;TBX2"
"positive regulation of apoptotic signaling pathway (GO:2001235)","1/59",0.0291177336711439,0.0486926806769549,0,0,38.183908045977,135.033873528638,"SEPTIN4"
"regulation of secretion by cell (GO:1903530)","1/59",0.0291177336711439,0.0486926806769549,0,0,38.183908045977,135.033873528638,"SEPTIN4"
"Notch signaling pathway (GO:0007219)","1/60",0.0296046094730556,0.0490943107094839,0,0,37.5348399246704,132.116075607535,"HEYL"
"positive regulation of DNA biosynthetic process (GO:2000573)","1/61",0.030091265543298,0.0494537587629242,0,0,36.9074074074074,129.305852202468,"PDGFRB"
"regulation of neurogenesis (GO:0050767)","1/62",0.0305777019615052,0.0494537587629242,0,0,36.3005464480874,126.597583267881,"HEYL"
"anterior/posterior pattern specification (GO:0009952)","1/63",0.0310639188209323,0.0494537587629242,0,0,35.7132616487455,123.98602688033,"HEYL"
"positive regulation of DNA metabolic process (GO:0051054)","1/63",0.0310639188209323,0.0494537587629242,0,0,35.7132616487455,123.98602688033,"PDGFRB"
"organonitrogen compound catabolic process (GO:1901565)","1/63",0.0310639188209323,0.0494537587629242,0,0,35.7132616487455,123.98602688033,"ENPEP"
"cell-cell junction assembly (GO:0007043)","1/66",0.0325212529076381,0.050958498650551,0,0,34.0598290598291,116.684255974204,"GJC1"
"embryonic organ development (GO:0048568)","1/66",0.0325212529076381,0.050958498650551,0,0,34.0598290598291,116.684255974204,"TBX2"
"peptidyl-tyrosine phosphorylation (GO:0018108)","1/69",0.033976614095502,0.0520103554231146,0,0,32.5522875816993,110.094532313003,"PDGFRB"
"cell chemotaxis (GO:0060326)","1/69",0.033976614095502,0.0520103554231146,0,0,32.5522875816993,110.094532313003,"PDGFRB"
"positive regulation of MAP kinase activity (GO:0043406)","1/69",0.033976614095502,0.0520103554231146,0,0,32.5522875816993,110.094532313003,"PDGFRB"
"phosphatidylinositol-mediated signaling (GO:0048015)","1/71",0.0349457600054769,0.0530855438251137,0,0,31.6190476190476,106.048961940834,"PDGFRB"
"cytoskeleton-dependent cytokinesis (GO:0061640)","1/72",0.0354300047601862,0.0534134162672504,0,0,31.1721439749609,104.121077653703,"SEPTIN4"
"regulation of actin filament-based process (GO:0032970)","1/73",0.0359140308301435,0.0537360310917185,0,0,30.7376543209877,102.252717817303,"PDGFRB"
"positive regulation of cellular process (GO:0048522)","2/625",0.0371533612556134,0.0549762193612491,0,0,7.77166934189406,25.5897836777075,"PDGFRB;TBX2"
"positive regulation of phosphatidylinositol 3-kinase signaling (GO:0014068)","1/77",0.0378479500125182,0.0549762193612491,0,0,29.1140350877193,95.3245466085723,"PDGFRB"
"positive regulation of protein modification by small protein conjugation or removal (GO:1903322)","1/77",0.0378479500125182,0.0549762193612491,0,0,29.1140350877193,95.3245466085723,"SEPTIN4"
"negative regulation of developmental process (GO:0051093)","1/77",0.0378479500125182,0.0549762193612491,0,0,29.1140350877193,95.3245466085723,"TBX2"
"regulation of neuron differentiation (GO:0045664)","1/79",0.0388135997677024,0.0559703358969041,0,0,28.3646723646724,92.1563832512611,"HEYL"
"glycerophospholipid metabolic process (GO:0006650)","1/80",0.03929609749471,0.0562584417370309,0,0,28.0042194092827,90.6392984988873,"PDGFRB"
"positive regulation of protein ubiquitination (GO:0031398)","1/82",0.0402604390785999,0.0568214707563218,0,0,27.3100137174211,87.7303044353751,"SEPTIN4"
"cell-cell junction organization (GO:0045216)","1/82",0.0402604390785999,0.0568214707563218,0,0,27.3100137174211,87.7303044353751,"GJC1"
"peptide metabolic process (GO:0006518)","1/83",0.0407422831141832,0.0570965798572004,0,0,26.9756097560976,86.3351376706654,"ENPEP"
"regulation of actin cytoskeleton organization (GO:0032956)","1/91",0.0445892046624482,0.0620507113834069,0,0,24.5679012345679,76.4126464122397,"PDGFRB"
"regulation of peptidyl-tyrosine phosphorylation (GO:0050730)","1/92",0.045069092325524,0.0622829817554116,0,0,24.2967032967033,75.3090552102818,"CSPG4"
"regulation of heart contraction (GO:0008016)","1/93",0.0455487630468528,0.0625117506643014,0,0,24.0314009661836,74.2323201774775,"TBX2"
"regulation of kinase activity (GO:0043549)","1/94",0.0460282169261212,0.0627370901938227,0,0,23.7718040621266,73.1815144736218,"PDGFRB"
"regulation of vesicle-mediated transport (GO:0060627)","1/96",0.0469864744639165,0.0633932240417603,0,0,23.2690058479532,71.15418818005,"SEPTIN4"
"regulation of MAP kinase activity (GO:0043405)","1/97",0.0474652783026246,0.0633932240417603,0,0,23.025462962963,70.1760117408653,"PDGFRB"
"glycosaminoglycan biosynthetic process (GO:0006024)","1/97",0.0474652783026246,0.0633932240417603,0,0,23.025462962963,70.1760117408653,"CSPG4"
"positive regulation of cell cycle process (GO:0090068)","1/101",0.0493783294859183,0.0655085837846516,0,0,22.1,66.4821841215198,"PDGFRB"
"cell junction assembly (GO:0034329)","1/102",0.0498560516752303,0.0657043330024558,0,0,21.8800880088009,65.6099686868589,"GJC1"
"positive regulation of cellular metabolic process (GO:0031325)","1/105",0.0512879221660425,0.0668908528486384,0,0,21.2457264957265,63.1061811953445,"PDGFRB"
"positive regulation of protein serine/threonine kinase activity (GO:0071902)","1/106",0.0517647805964338,0.0668908528486384,0,0,21.042328042328,62.3072859663839,"PDGFRB"
"regulation of phosphatidylinositol 3-kinase signaling (GO:0014066)","1/106",0.0517647805964338,0.0668908528486384,0,0,21.042328042328,62.3072859663839,"PDGFRB"
"regulation of protein ubiquitination (GO:0031396)","1/109",0.0531940618974192,0.068257724556123,0,0,20.4547325102881,60.0102682539226,"SEPTIN4"
"regulation of cell population proliferation (GO:0042127)","2/764",0.0535085679937446,0.068257724556123,0,0,6.30839895013123,18.4704463768461,"PDGFRB;TBX2"
"regulation of cytoskeleton organization (GO:0051493)","1/112",0.0546214040317677,0.0687953126729226,0,0,19.8988988988989,57.8526549468579,"PDGFRB"
"phosphatidylinositol metabolic process (GO:0046488)","1/112",0.0546214040317677,0.0687953126729226,0,0,19.8988988988989,57.8526549468579,"PDGFRB"
"sulfur compound biosynthetic process (GO:0044272)","1/113",0.0550967542198213,0.0689575728914744,0,0,19.7202380952381,57.1623535389413,"CSPG4"
"positive regulation of kinase activity (GO:0033674)","1/114",0.0555718892963041,0.0691175373122783,0,0,19.5447394296952,56.4858174108685,"PDGFRB"
"epithelium development (GO:0060429)","1/122",0.0593652360295357,0.0733769066452025,0,0,18.2451790633609,51.5252336372963,"TBX2"
"positive regulation of macromolecule biosynthetic process (GO:0010557)","1/129",0.0626731600524218,0.076515084971975,0,0,17.2413194444444,47.7553857740171,"PDGFRB"
"muscle contraction (GO:0006936)","1/129",0.0626731600524218,0.076515084971975,0,0,17.2413194444444,47.7553857740171,"GJC1"
"positive regulation of peptidyl-tyrosine phosphorylation (GO:0050731)","1/134",0.0650295490975947,0.0789078065269595,0,0,16.5889724310777,45.336226888591,"CSPG4"
"positive regulation of response to external stimulus (GO:0032103)","1/139",0.0673806054536277,0.0812650938501328,0,0,15.9838969404187,43.1149325245792,"PDGFRB"
"enzyme linked receptor protein signaling pathway (GO:0007167)","1/140",0.0678501777388972,0.0813384660845816,0,0,15.8681055155875,42.6923964226082,"PDGFRB"
"negative regulation of DNA-binding transcription factor activity (GO:0043433)","1/143",0.0692576181978487,0.0825285390501311,0,0,15.5305164319249,41.4652695101873,"HEYL"
"positive regulation of transferase activity (GO:0051347)","1/148",0.071599102719536,0.0848108419118313,0,0,14.9984882842026,39.5461051543327,"PDGFRB"
"protein autophosphorylation (GO:0046777)","1/159",0.0767317181460946,0.0903527332016144,0,0,13.9465541490858,35.806942671223,"PDGFRB"
"positive regulation of protein kinase B signaling (GO:0051897)","1/161",0.0776621724057825,0.0909104253455924,0,0,13.7708333333333,35.1898082282458,"PDGFRB"
"negative regulation of transcription, DNA-templated (GO:0045892)","2/948",0.0784537542304871,0.0912999829933738,0,0,5.03276955602537,12.8096363089966,"HEYL;TBX2"
"heart development (GO:0007507)","1/164",0.0790562715258447,0.0914662676374599,0,0,13.5153374233129,34.2964578353993,"TBX2"
"positive regulation of ERK1 and ERK2 cascade (GO:0070374)","1/172",0.0827646026035753,0.0952032133994883,0,0,12.8778427550357,32.0884266760251,"PDGFRB"
"positive regulation of cellular biosynthetic process (GO:0031328)","1/180",0.0864594894435786,0.0988818298808744,0,0,12.2973308504035,30.1048411601001,"PDGFRB"
"regulation of programmed cell death (GO:0043067)","1/194",0.0928933214804807,0.105632976997804,0,0,11.3972366148532,27.0832935441002,"SEPTIN4"
"generation of neurons (GO:0048699)","1/202",0.0965514597102952,0.109168980013345,0,0,10.9391929242676,25.5723232335576,"HEYL"
"regulation of protein kinase B signaling (GO:0051896)","1/207",0.0988310484246783,0.11111513353961,0,0,10.6709816612729,24.6963167079631,"PDGFRB"
"positive regulation of cell motility (GO:2000147)","1/221",0.105186383439256,0.117596012946135,0,0,9.98484848484848,22.4860926837425,"PDGFRB"
"apoptotic process (GO:0006915)","1/231",0.109701181199882,0.121958296417746,0,0,9.54589371980676,21.0963787679381,"SEPTIN4"
"regulation of ERK1 and ERK2 cascade (GO:0070372)","1/238",0.112849330203156,0.124761203946822,0,0,9.26066572902016,20.2040102661932,"PDGFRB"
"positive regulation of phosphorylation (GO:0042327)","1/253",0.119561651506646,0.131451760496257,0,0,8.70282186948854,18.4841246514568,"PDGFRB"
"positive regulation of cell differentiation (GO:0045597)","1/258",0.121788913260349,0.13316480076269,0,0,8.53134457414613,17.9624555255111,"HEYL"
"positive regulation of cell migration (GO:0030335)","1/269",0.126671049574582,0.137746114018262,0,0,8.17661691542289,16.8942128176159,"PDGFRB"
"positive regulation of MAPK cascade (GO:0043410)","1/274",0.128882116513431,0.139388810794417,0,0,8.02482702482702,16.4417239696592,"PDGFRB"
"positive regulation of programmed cell death (GO:0043068)","1/286",0.134168135965103,0.144015371068405,0,0,7.682261208577,15.4310624728687,"SEPTIN4"
"proteolysis (GO:0006508)","1/287",0.134607331752379,0.144015371068405,0,0,7.65501165501165,15.3513097931102,"ENPEP"
"MAPK cascade (GO:0000165)","1/303",0.141607249912792,0.15069434616388,0,0,7.24356144223694,14.1589743330271,"PDGFRB"
"positive regulation of apoptotic process (GO:0043065)","1/310",0.144653657634086,0.153117435474379,0,0,7.07695073714491,13.6826682850859,"SEPTIN4"
"cellular protein localization (GO:0034613)","1/329",0.152873491550634,0.160962036077122,0,0,6.66056910569106,12.5095115806125,"SEPTIN4"
"positive regulation of protein phosphorylation (GO:0001934)","1/371",0.170791921230688,0.178882064867931,0,0,5.89189189189189,10.4127953253102,"CSPG4"
"transmembrane receptor protein tyrosine kinase signaling pathway (GO:0007169)","1/404",0.184630588158104,0.192363806510276,0,0,5.40033085194375,9.12330960396866,"PDGFRB"
"regulation of cell migration (GO:0030334)","1/408",0.186293798433714,0.193085759834943,0,0,5.34616434616435,8.98385650257227,"PDGFRB"
"protein phosphorylation (GO:0006468)","1/496",0.222120526143145,0.22902582747402,0,0,4.37598204264871,6.58381872838317,"PDGFRB"
"negative regulation of transcription by RNA polymerase II (GO:0000122)","1/684",0.29394635591561,0.301522292923744,0,0,3.14088173092565,3.84556364655954,"TBX2"
"regulation of transcription by RNA polymerase II (GO:0006357)","2/2206",0.303958566301509,0.310193613815386,0,0,2.01746823956443,2.40253005942962,"HEYL;TBX2"
"regulation of transcription, DNA-templated (GO:0006355)","2/2244",0.311365260602848,0.316131055407994,0,0,1.97903657448707,2.30911728354435,"HEYL;TBX2"
"regulation of apoptotic process (GO:0042981)","1/742",0.314867568232226,0.318064193290421,0,0,2.88633978107662,3.33546333394087,"SEPTIN4"
"positive regulation of transcription by RNA polymerase II (GO:0045944)","1/908",0.371698364387241,0.373575628853843,0,0,2.33774347666299,2.31360066946461,"HEYL"
"positive regulation of transcription, DNA-templated (GO:0045893)","1/1183",0.45657085440044,0.45657085440044,0,0,1.76800150404211,1.38613329676853,"HEYL"
